题目ID,学科一级分类,学科二级分类,题目难度,任务概要,涉及的专业软件,包含的操作类型,任务prompt‼️,输入数据包（压缩包）‼️,reference（压缩包）‼️,关键标准答案‼️,关键动作,评分表（直接输入内容或使用txt文档）‼️,本项任务的环境依赖,相关专业软件的关键步骤,任务规格转化（excel或txt文档）,初标是否已完成,生产专家,完成日期
,"Computing, Data & Mathematical Sciences 计算、数据与数学科学",数据与分析工程,高,边缘发布组正在整理下一批维护窗口，现有应用预查不能覆盖事务内交换和同时排队。使用PostgreSQL Client把活动窗口冲突放到提交阶段判断，执行本轮变更计划并处理空档候选，供值班同事确认哪些发布可以进入排程。,PostgreSQL Client,领域专业软件操作、文件和数据处理、脚本/命令/程序化处理、结果验证,"凌晨的边缘发布排程卡在窗口整理上。应用服务会在写入前查冲突，但相邻窗口互换时会误报；排队请求同时进入时，又可能选出不同结果。值班同事要在早班接手前处理完。请使用PostgreSQL Client，数据库为Windows11本机的PostgreSQL17。

工作目录中有发布通道、现有窗口、待排队请求和本轮事务计划，时间及排序口径写在README与window_contract.json。starter目录留有SQL骨架。业务数据与计划文件保持原样。

把窗口冲突检查放到事务提交阶段，同一通道的活动窗口才参与判断。依照计划完成窗口互换、冲突移动和取消留痕，再处理计划中的空档请求。排队结果需要稳定，创建的新窗口必须能够回查原请求；仍被占用的时段只记录原因，不生成窗口。

请交付可在空数据库执行的SQL、构建入口、事务处理记录、最终窗口、排队决定、活动冲突清单、边界检查、数据库触发器信息和简要说明。值班同事应能从这些结果确认失败事务已回滚、当前活动窗口没有相交，并据此继续当天排程。",输入数据包.zip,reference.zip,关键标准答案.xlsx,"核对发布通道、窗口、排队请求与事务计划之间的关联，结构不完整时停止处理。
把活动窗口冲突判断落在提交阶段，使同一事务内的窗口互换可以完成，最终重叠仍会回滚。
按计划处理互换、移动和取消，保留事务结果及失败后的原窗口状态。
锁定目标通道后决定空档请求，将新窗口与来源请求相连，被占用时只留下阻断决定。
汇总最终窗口、排队决定、活动冲突和触发器状态，形成值班人员可接手的排程记录。","检查项：交付目录与数据库入口
优先级：Gate项
所属层级：L1任务指令遵循层
标准答案：交付output/sql/solution.sql、output/tools/build_delivery.py、output/results目录和output/HANDOVER.md，构建入口可连接空数据库生成答案清单中的全部结果。
关键字段：固定交付路径与结果文件名。
容差：路径和文件名无容差，说明文字可以改写。
失败边界：SQL、构建入口、任一结果文件或处理说明缺失；数据库方案不能从空库执行。
客观硬性标准：答案清单中的全部成员存在，入口退出码为0，SQL由PostgreSQL实际执行。
阈值：声明的11项交付物全部存在，缺一项即失败。
可观察证据：提交目录、执行退出码、数据库对象与交付物答案清单。

检查项：输入装载与计划完整性
优先级：Gate项
所属层级：L3输入数据导入与完整性层
标准答案：发布通道、初始窗口、排队请求和事务计划全部读取；各自主键唯一，窗口与请求只能引用已有通道，UTC时段有效，状态和优先级符合合同。
关键字段：lane_id、window_id、pending_id、tx_id、start_at、end_at、status、priority。
容差：记录集合无容差，输入行序可以变化。
失败边界：漏用任一业务文件，重复主键、未知通道、无效时段或不支持的计划操作仍进入数据库。
客观硬性标准：四份业务数据的主键集合与源文件一致，外键和字段约束实际生效。
阈值：4份数据全部装载且每项结构检查通过，任一不符即失败。
可观察证据：评测侧只读输入、数据库输入表、source_counts.json和装载错误。

检查项：活动窗口范围与提交期约束
优先级：Gate项
所属层级：L6领域计算与专业规则层
标准答案：窗口使用非空左闭右开tstzrange，只限制同一lane_id的ACTIVE窗口；目标约束触发器deferrable与initially_deferred均为true，最终重叠以SQLSTATE23P01拒绝。
关键字段：slot、status、trigger_name、deferrable、initially_deferred、sqlstate。
容差：函数及触发器名称可使用等价命名，范围与提交语义无容差。
失败边界：端点相接被判冲突，跨通道或CANCELLED窗口参与约束，使用立即触发器或应用预查代替提交期判断。
客观硬性标准：5个边界探针与Reference一致，触发器延期属性为true，重叠移动在提交阶段失败。
阈值：5个探针、2个触发器属性和1个失败SQLSTATE全部匹配，任一不符即失败。
可观察证据：solution.sql、range_boundary_probe.csv、trigger_inventory.csv和transaction_outcomes.csv。

检查项：计划事务与失败回滚
优先级：Gate项
所属层级：L8运行验证层
标准答案：transaction_plan.csv按顺序执行；互换事务提交后两个窗口交换时段，重叠移动事务回滚且原窗口保持不变，取消事务保留原窗口并改为CANCELLED。
关键字段：tx_id、operation、result、expected、matches_expected、state_preserved、window_id、status。
容差：事务实现可以等价调整，计划顺序与最终业务状态无容差。
失败边界：借助临时时段绕过冲突、失败事务留下部分写入、取消时删除窗口、事务结果由脚本伪造。
客观硬性标准：全部事务matches_expected与state_preserved为true，最终窗口按window_id与Reference一致。
阈值：6条事务记录和全部最终窗口均匹配，任一不符即失败。
可观察证据：transaction_outcomes.csv、release_window_final.csv和固定答案。

检查项：空档请求决定与来源追溯
优先级：Gate项
所属层级：L6领域计算与专业规则层
标准答案：排队处理锁定release_lane，按priority降序、requested_at升序和pending_id升序选唯一请求；新窗口通过source_pending_id回查来源，占用时只写BLOCKED_OVERLAP。
关键字段：pending_id、decision、decision_tx、promoted_window_id、source_pending_id。
容差：函数名称可以变化，排序、决定与来源关系无容差。
失败边界：未锁通道、排序轴或方向错误、出现两个赢家、阻断请求仍生成窗口、新窗口不能回查来源。
客观硬性标准：排队决定集合与Reference一致，PROMOTED记录均有且只有一个来源窗口，BLOCKED_OVERLAP没有来源窗口。
阈值：5条请求决定全部匹配且来源关系零断链，任一不符即失败。
可观察证据：pending_window_decisions.csv、release_window_final.csv和固定集合答案。

检查项：活动冲突与边界结果
优先级：高权重项
所属层级：L9跨产物一致性与可追溯层
标准答案：active_overlap_probe.csv只有表头，range_boundary_probe.csv完整记录端点相接、部分相交、包含、跨通道和取消状态的判断。
关键字段：probe_id、raw_range_overlap、same_lane、left_status、right_status、rule_overlap、rule_matches。
容差：CSV行序可以变化，字段值无容差。
失败边界：用空记录冒充零冲突，漏掉任一边界场景，rule_matches存在false。
客观硬性标准：活动冲突数据行为0，5个probe_id均出现且rule_matches全部为true。
阈值：冲突行数必须为0且5个边界探针全部通过。
可观察证据：active_overlap_probe.csv、range_boundary_probe.csv和固定字段答案。

检查项：处理摘要与跨文件对账
优先级：高权重项
所属层级：L9跨产物一致性与可追溯层
标准答案：handover.json中的事务、窗口、请求和活动冲突数量可从对应明细复算，状态为READY；HANDOVER.md指向真实执行入口和结果目录。
关键字段：status、transaction_rows、window_rows、pending_rows、active_overlap_pairs。
容差：JSON键序与说明措辞可以变化，计数和状态无容差。
失败边界：摘要计数与明细不符，状态缺失或不是READY，说明中的路径不存在。
客观硬性标准：全部摘要计数与明细差值为0，状态为READY，说明列出的路径存在。
阈值：4个计数差值均为0且状态为READY，任一不符即失败。
可观察证据：handover.json、HANDOVER.md及全部结构化结果。

检查项：主软件归属与可维护性
优先级：普通项
所属层级：L2软件与工具操作层
标准答案：PostgreSQL负责tstzrange判断、提交期触发器、事务回滚、通道锁和排队决定；辅助脚本只校验输入、调用数据库和导出结果。
关键字段：solution.sql中的函数、约束触发器与FOR UPDATE，build_delivery.py中的装载和导出边界。
容差：SQL排版、对象命名和等价查询结构可以变化。
失败边界：核心冲突或排队裁决改在辅助脚本完成，数据库只接收预写结果。
客观硬性标准：5类核心操作均能在PostgreSQL对象中定位，辅助脚本没有同类结果分支。
阈值：5类核心操作全部由PostgreSQL执行，少一类即本项失败。
可观察证据：solution.sql、数据库对象、构建入口及输入变化后的结果。","支持的操作系统：Windows11。

主软件：PostgreSQL Client，连接Windows11本机PostgreSQL17服务，数据库地址只使用本机回环接口。

辅助工具：PowerShell7、Python3.12、UTF-8文本编辑器及CSV、JSON查看器。辅助工具用于装载计划和导出结果，范围约束、事务提交、回滚与排队决定由PostgreSQL执行。

运行权限：允许在独立数据库中创建schema、表、函数、约束触发器和视图。输入目录保持只读，交付物写入任务工作目录。

网络条件：软件安装阶段可以联网，任务执行阶段不访问外部服务。

软件许可：PostgreSQL按PostgreSQL License使用，本题不分发PostgreSQL二进制文件。

主要风险：立即触发器会阻断事务内窗口互换，端点相接若判为冲突会浪费可用时段，提交失败后未回滚会污染排程，未锁定通道可能产生两个晋升窗口。","1.使用PostgreSQL Client新建独立数据库，建立通道、发布窗口和排队请求表。
2.装载三份基础CSV与合同文件，校验主键、外键、UTC时间、状态和优先级。
3.创建tstzrange窗口字段和提交期约束触发器，确认触发器可延期且初始为延期状态。
4.读取transaction_plan.csv，在独立事务中执行互换、移动和取消，并记录提交或回滚结果。
5.锁定计划指定的release_lane，调用排队处理函数写入新窗口和请求决定。
6.查询最终窗口、活动冲突、范围边界与触发器目录，导出结果和处理摘要。",任务规格转化.xlsx,是,用户883679,2026-08-12
